Symbol,Company,Industry,Price,Dividend Yield(%),Price Movers: 1 Week(%),Price Movers: 4 Week(%),EPS F1 Est: 4 Week Change,EPS F2 Est: 4 Week Change,Last EPS Surprise,Market Cap (mil),P/E (F1),PEG,Projected Earnings Growth (1 Yr)(%),Projected Earnings Growth (3-5 Yrs)(%),Date Added,Value Score,Growth Score,Momentum Score,VGM Score,Price Movers: 1 Day(%),Price / Sales
"AMRK","AMark Precious Metals","Precious Metals and Jewels","28.73","2.79%","8.59%","8.01%","-18.37%","NA","-76.74","707.54","10.25","NA","29.03%","NA","Nov 13,2025","A","C","C","B","5.28%",".06"
"VLVLY","Volvo","Automotive - Original Equipment","29.98","2.28%","5.68%","8.95%","0.00%","0.00%","-25","60,922.22","15.85","8.13","-19.23%","1.95%","Oct 23,2025","C","D","B","D","0.54%","1.25"
"ACMR","ACM Research","Semiconductor Equipment - Material Services","33.20","0.00%","11.26%","-19.42%","-12.50%","-25.00%","-21.88","1,999.74","19.09","NA","-22.57%","NA","Nov 13,2025","F","F","D","F","1.64%","2.27"
"AMCX","AMC Networks","Broadcast Radio and Television","8.89","0.00%","4.33%","17.68%","-13.81%","-52.85%","-41.94","388.26","4.61","NA","-49.74%","NA","Nov 12,2025","A","C","D","B","2.06%",".17"
"ACHC","Acadia Healthcare","Medical - Hospital","17.33","0.00%","13.31%","-20.00%","-7.15%","-19.12%","7.46","1,586.84","7.34","3.67","-29.09%","2.00%","Nov 06,2025","A","D","F","D","0.29%",".49"
"AHCO","AdaptHealth","Medical - Products","9.70","0.00%","0.73%","7.45%","-12.55%","-11.36%","-13.64","1,308.20","13","1.18","-22.92%","11.00%","Oct 15,2025","A","B","A","A","0.52%",".4"
"FENC","Adherex Technologies","Medical - Biomedical and Genetics","7.85","0.00%","3.93%","-0.12%","12.24%","10.09%","75","279.61","NA","NA","NA","NA","Nov 14,2025","F","A","A","B","3.80%","7.21"
"AAVVF","Advantage Oil & Gas","Alternative Energy - Other","9.02","0.00%","3.95%","12.31%","0.00%","0.00%","-100","1,492.46","25.18","NA","260.00%","NA","Oct 30,2025","D","B","A","B","3.11%","3.16"
"ALK","Alaska Air Group","Transportation - Airline","42.60","0.00%","8.42%","2.71%","-16.78%","-14.98%","-5.41","4,971.27","17.79",".83","-50.51%","21.43%","Oct 11,2025","A","D","D","C","0.82%",".35"
"AIN","Albany International","Textile - Products","47.61","2.27%","5.00%","-15.73%","-6.34%","-11.27%","1.43","1,368.42","17.62","2.1","-14.78%","8.40%","Oct 31,2025","B","C","C","B","0.61%","1.19"
"ARE","Alexandria Real Estate Equities","REIT and Equity Trust - Other","53.08","9.84%","5.46%","-7.82%","-2.21%","-14.31%","-3.9","9,275.52","5.96","4.62","-4.86%","1.29%","Nov 07,2025","C","D","D","D","0.19%","3.03"
"BABA","Alibaba","Internet - Commerce","162.26","0.60%","2.86%","-7.70%","0.00%","0.00%","-10.2","375,330.38","23.93","2.13","-27.08%","11.23%","Oct 15,2025","F","F","A","F","-0.19%","2.67"
"ALTG","Alta Equipment Group","Manufacturing - General Industrial ","4.77","0.00%","9.42%","-20.26%","-74.82%","-22.05%","-385.19","157.31","NA","NA","-25.00%","NA","Nov 15,2025","B","A","F","A","0.21%",".09"
"ALVO","Alvotech","Medical - Biomedical and Genetics","4.94","0.00%","-0.78%","-33.33%","-79.08%","-37.72%","-140","1,537.56","83.42","NA","109.09%","NA","Nov 28,2025","F","F","B","F","-0.97%","2.68"
"ANGI","Angi","Internet - Content","11.58","0.00%","4.77%","-13.94%","-14.18%","-39.05%","-30.3","492.78","9.93","NA","64.29%","NA","Nov 08,2025","A","D","B","C","1.06%",".47"
"ATR","AptarGroup","Containers - Paper and Packaging","124.04","1.54%","2.66%","7.53%","-1.74%","-7.62%","3.18","8,185.99","21.6","3.32","2.30%","6.50%","Nov 29,2025","F","B","D","D","0.76%","2.24"
"ARCB","ArcBest","Transportation - Truck","66.57","0.75%","1.53%","-13.66%","-14.10%","-17.85%","6.57","1,444.53","16.98","7.97","-39.81%","2.13%","Oct 07,2025","C","B","A","B","0.03%",".36"
"ARDT","Ardent Health, Inc.","Medical Services","8.94","0.00%","-1.79%","-39.70%","-47.14%","-28.60%","23.81","1,257.19","8.96","7.23","-37.97%","1.24%","Nov 18,2025","A","A","D","A","-2.98%",".2"
"ARKAY","Arkema","Chemical - Diversified ","61.05","4.95%","3.73%","2.99%","-7.94%","-12.80%","21.43","4,651.88","13.35","1.16","-48.60%","11.56%","Jul 05,2025","A","D","A","A","1.93%",".46"
"ARQ","Arq, Inc.","Chemical - Specialty","3.70","0.00%","6.29%","-43.98%","-1,150.00%","-108.33%","-200","158.82","NA","NA","21.43%","NA","Nov 11,2025","D","A","C","B","0.81%","1.35"
"AHT","Ashford Hospitality Trust","REIT and Equity Trust - Other","3.37","0.00%","3.21%","-25.79%","-115.41%","-158.61%","-115.91","22.70","NA","NA","-70.45%","NA","Nov 27,2025","D","F","F","F","-1.94%",".02"
"ASH","ASHLAND INC","Chemical - Specialty","56.94","3.14%","5.02%","8.18%","-4.08%","-3.52%","-7.69","2,418.49","13.43",".87","16.57%","15.49%","Oct 10,2025","C","C","C","C","0.69%","1.33"
"ASHTY","Ashtead Group","Industrial Services","255.67","2.18%","3.33%","-4.36%","-1.78%","-6.81%","-20.17","27,047.66","17.7","2","-1.08%","8.87%","Oct 04,2025","B","B","D","B","1.07%","2.5"
"ASPN","Aspen Aerogels","Building Products - Miscellaneous","3.36","0.00%","3.87%","-60.44%","-7.81%","-1,000.00%","66.67","266.12","NA","NA","-972.34%","NA","Nov 11,2025","C","B","C","B","1.90%",".75"
"ASTH","Astrana Health, Inc.","Medical - Outpatient and Home Healthcare","23.57","0.00%","2.40%","-26.18%","-60.08%","-52.83%","-97.87","1,296.89","46.54","1.38","-44.44%","33.66%","Nov 11,2025","B","A","B","A","-0.04%",".45"
"AESI","Atlas Energy Solutions Inc.","Oil and Gas - Integrated - United States","8.65","11.60%","5.77%","-30.37%","-240.74%","-250.79%","-333.33","1,068.73","NA","NA","-183.64%","6.80%","Sep 27,2025","D","D","D","F","3.36%",".96"
"ATHM","Autohome","Internet - Services","23.98","7.15%","1.19%","-5.71%","-2.35%","-7.58%","-7.14","2,775.66","12.25","NA","-16.02%","NA","Oct 25,2025","F","F","A","F","1.24%","2.95"
"AVDL","Avadel Pharmaceuticals","Medical - Drugs","21.44","0.00%","-6.69%","13.76%","-15.19%","-1.48%","-100","2,098.64","130.98","NA","131.37%","NA","Nov 05,2025","F","A","A","B","0.42%","8.44"
"AVVIY","Aviva","Insurance - Life Insurance","17.26","3.77%","2.93%","-1.95%","-9.88%","-5.88%","NA","26,840.93","12.03","NA","18.70%","NA","Nov 29,2025","C","B","F","C","0.57%","NA"
"BMRRY","B&M European Value Retail","Consumer Products - Discretionary","8.67","2.68%","0.02%","-4.69%","-3.88%","-2.24%","NA","2,246.75","7.21","1.39","-27.49%","5.20%","Oct 10,2025","A","A","C","A","-0.09%","NA"
"OZK","Bank OZK","Banks - Northeast","46.34","3.91%","2.93%","2.29%","-0.48%","-1.09%","-4.79","5,233.72","7.43","NA","0.81%","NA","Nov 29,2025","C","D","C","D","0.04%","1.87"
"BBWI","Bath & Body Works, Inc.","Retail - Miscellaneous","19.08","4.60%","17.24%","-28.88%","-15.21%","-31.38%","-12.5","3,564.20","6",".64","-11.85%","9.32%","Nov 25,2025","B","D","F","D","0.23%",".48"
"BMWKY","Bayerische Motoren Werke Aktiengesellschaft - Unsponsored ADR","Automotive - Original Equipment","34.53","NA","NA","NA","-3.68%","-2.40%","NA","NA","NA","NA","5.95%","NA","Nov 11,2025","F","D","NA","NA","NA","NA"
"BZH","Beazer Homes USA","Building Products - Home Builders","22.98","0.00%","7.22%","2.10%","-18.79%","15.63%","33.75","680.61","15.56",".97","-19.23%","16.00%","Nov 27,2025","B","A","D","A","-0.61%",".29"
"BRBR","BellRing Brands","Food - Miscellaneous","30.88","0.00%","3.76%","2.52%","-12.85%","-10.50%","-5.56","3,696.67","15.28","4.06","-6.91%","3.77%","Nov 27,2025","D","A","D","A","0.98%","1.6"
"BWMX","Betterware de Mexico SAPI de C","Consumer Products - Discretionary","14.55","7.29%","3.38%","-0.62%","0.00%","0.00%","2.27","536.98","8.46","NA","-5.03%","NA","Oct 28,2025","A","B","C","A","1.12%",".74"
"OTF","Blue Owl Technology Finance Corp.","Financial - SBIC & Commercial Industry","14.05","10.07%","3.65%","-3.07%","-8.16%","-8.55%","-8.57","6,513.90","10.3","NA","-24.16%","NA","Nov 12,2025","F","D","A","F","1.76%","6.57"
"BCC","Boise Cascade","Building Products - Wood","76.02","1.15%","6.07%","8.16%","-5.60%","-9.99%","0","2,824.16","21.89","6.31","-63.64%","3.47%","Nov 29,2025","C","C","B","C","0.67%",".43"
"BUR","Burford Capital","Financial - Miscellaneous Services","9.49","1.31%","10.00%","-3.82%","-29.46%","-9.05%","-130","2,094.76","11.47","NA","25.76%","NA","Nov 08,2025","C","C","F","C","0.42%","4.43"
"CAE","CAE","Aerospace - Defense Equipment","26.84","0.00%","2.95%","-4.28%","-6.34%","-4.50%","21.43","8,636.78","30.84","2.03","3.57%","15.20%","Nov 29,2025","D","C","A","C","1.55%","2.5"
"PMTS","CPI Card Group","Financial - Miscellaneous Services","13.32","0.00%","11.93%","-13.62%","-44.85%","-36.51%","-25.4","153.85","12.01","NA","-31.10%","NA","Nov 06,2025","A","C","F","B","-1.24%",".3"
"CABO","Cable One","Cable Television","118.26","0.00%","7.39%","-21.11%","1.17%","-30.44%","-44.11","660.39","3.56","NA","-1,572.01%","NA","Nov 26,2025","A","D","F","C","3.69%",".43"
"CBT","Cabot","Chemical - Diversified ","63.94","2.88%","1.39%","-7.28%","-9.37%","-8.65%","-1.16","3,309.88","8.63","2.93","0.00%","2.95%","Nov 08,2025","B","A","B","A","-1.93%",".89"
"CBNK","Capital Bancorp","Banks - Northeast","27.86","1.73%","1.13%","0.02%","-5.76%","-9.72%","-18.18","459.28","8.5","NA","19.78%","NA","Nov 01,2025","C","F","C","D","-1.21%","1.52"
"KMX","CarMax","Automotive - Retail and Wholesale - Parts","39.23","0.00%","9.43%","-7.75%","-14.35%","-20.83%","-37.86","5,677.03","13.32",".87","-11.31%","15.35%","Oct 03,2025","B","A","F","A","1.20%",".22"
"CSL","Carlisle Companies","Diversified Operations","322.76","1.38%","2.82%","-2.15%","-3.13%","-4.22%","2.56","13,290.80","16.62","1.11","-5.25%","15.00%","Nov 29,2025","D","B","D","D","0.63%","2.65"
"CRI","Carter's","Shoes and Retail Apparel ","31.82","3.13%","5.49%","1.62%","-3.33%","-8.01%","-5.13","1,163.05","10.48","NA","-47.50%","NA","Nov 29,2025","C","F","D","F","-1.15%",".41"
"CASS","Cass Information Systems","Computer - Services","42.52","2.95%","0.96%","6.25%","0.00%","0.00%","9.52","549.54","15.97","NA","89.21%","NA","Nov 18,2025","D","F","A","D","0.05%","2.87"
"CMG","Chipotle Mexican Grill","Retail - Restaurants","34.67","0.00%","9.14%","8.93%","-1.91%","-9.03%","3.57","45,645.04","29.74","3.53","3.57%","8.44%","Nov 29,2025","F","B","F","D","1.44%","3.87"
"CI","Cigna Group","Medical - HMOs","276.42","2.18%","-0.29%","13.45%","-0.18%","-7.33%","1.69","74,068.65","9.36","1.01","8.42%","9.29%","Nov 27,2025","B","D","B","D","-0.38%",".28"
"CLH","Clean Harbors","Waste Removal Services","229.98","0.00%","4.85%","8.10%","-1.66%","-6.82%","-6.75","12,158.95","31.38","NA","-2.29%","NA","Nov 29,2025","D","B","D","C","0.21%","2.04"
"CVLT","CommVault Systems","Computer - Software","121.52","0.00%","3.12%","-11.29%","-0.04%","0.43%","-9.52","5,445.65","31.59","NA","7.12%","NA","Nov 01,2025","F","B","D","D","0.19%","4.97"
"CPS","CooperStandard","Automotive - Original Equipment","30.87","0.00%","1.23%","3.41%","-177.87%","-14.82%","-148","551.16","NA","NA","70.59%","NA","Nov 05,2025","B","A","D","A","1.07%",".2"
"CVLG","Covenant Logistics Group","Transportation - Truck","20.42","1.40%","4.40%","-1.14%","0.00%","0.00%","-2.22","499.44","12.95","NA","-22.22%","NA","Oct 11,2025","A","A","C","A","-0.10%",".44"
"CCAP","Crescent Capital BDC","Financial - SBIC & Commercial Industry","14.29","11.71%","3.76%","1.63%","-2.32%","-4.85%","-2.13","530.84","8.02","NA","-25.42%","NA","Nov 26,2025","C","B","B","B","0.49%","3.07"
"XRAY","Dentsply Sirona","Medical - Dental Supplies","11.25","5.64%","7.18%","-10.07%","-12.96%","-20.86%","-17.78","2,262.15","6.97",".82","-2.40%","8.53%","Nov 11,2025","B","C","C","B","0.44%",".62"
"DSNKY","Daiichi Sankyo Co., Ltd. - Sponsored ADR","Medical - Drugs","24.54","0.59%","3.97%","3.23%","0.00%","0.00%","NA","46,601.02","20.22","1.18","19.61%","17.08%","Nov 27,2025","D","A","A","A","-0.61%","3.62"
"DNZOY","Denso","Automotive - Original Equipment","13.12","1.86%","-1.21%","-6.43%","-2.56%","-11.81%","-13.79","38,133.83","11.49","NA","20.00%","NA","Nov 29,2025","A","B","A","A","-0.83%",".78"
"DIOD","Diodes","Electronics - Semiconductors","46.22","0.00%","3.29%","-13.40%","-12.21%","-9.70%","-2.63","2,143.47","40.18","NA","-12.21%","NA","Nov 26,2025","C","C","A","B","0.22%","1.5"
"DKNG","DraftKings","Gaming","34.03","0.00%","10.57%","8.40%","-37.90%","-25.08%","-10.81","16,506.14","43.06",".86","173.33%","50.31%","Nov 07,2025","F","A","F","C","2.98%","3.02"
"DD","DuPont de Nemours","Chemical - Diversified ","40.02","2.01%","3.19%","-51.29%","-22.31%","-52.80%","4.81","16,662.65","12.02","1.9","-18.67%","6.31%","Oct 30,2025","C","C","D","C","0.84%","1.33"
"EDNMY","EDENRED","Technology Services","10.80","4.23%","-0.37%","-24.48%","-0.78%","-9.29%","NA","5,181.65","8.54","2.09","16.51%","4.08%","Nov 27,2025","B","F","A","C","0.00%","NA"
"EPC","Edgewell Personal Care","Consumer Products - Staples","17.70","3.36%","1.88%","-7.89%","-8.97%","-8.69%","-17.07","829.85","7.13","NA","-0.79%","NA","Nov 18,2025","A","B","B","A","0.17%",".37"
"EIG","Employers Holdings","Insurance - Accident and Health","40.17","3.21%","1.04%","4.51%","-74.51%","-32.00%","-280.33","895.79","61.31","NA","-82.57%","NA","Nov 05,2025","C","C","B","D","0.63%",".99"
"ENR","Energizer","Consumer Products - Staples","17.70","6.58%","-0.22%","-21.52%","-4.71%","-2.85%","-6.25","1,247.47","5.08","NA","1.99%","NA","Nov 21,2025","A","D","A","B","0.72%",".42"
"ENTG","Entegris","Electronics - Semiconductors","77.22","0.52%","4.72%","-15.76%","-3.37%","-7.52%","0","11,694.42","28.37","NA","-9.33%","NA","Nov 29,2025","F","C","A","D","2.74%","3.63"
"EOSE","Eos Energy Enterprises","Industrial Services","14.50","0.00%","21.76%","-6.11%","-96.50%","-5.83%","-1593.1","4,338.05","NA","NA","38.24%","NA","Oct 16,2025","F","D","F","F","5.91%","68.31"
"ETD","Ethan Allen Interiors Inc.","Retail - Home Furnishings","23.90","6.60%","2.69%","-2.19%","-13.16%","-15.91%","-2.27","601.55","14.33","NA","-19.12%","NA","Nov 29,2025","B","C","B","B","-0.08%",".99"
"EXPI","eXp World Holdings","Real Estate - Operations","11.24","1.76%","2.34%","10.84%","-175.00%","-86.36%","-75","1,802.80","NA","NA","18.18%","NA","Nov 11,2025","D","B","C","C","-1.30%",".39"
"FFIV","F5","Internet - Software","241.68","0.00%","2.08%","-5.49%","-0.52%","-0.32%","6.9","13,892.71","15.96","5.93","-5.19%","2.69%","Nov 29,2025","F","B","B","C","0.39%","4.5"
"FMC","FMC","Agriculture - Operations","14.03","16.24%","12.08%","-5.80%","-11.55%","-36.22%","4.71","1,785.11","4.72",".65","-12.93%","7.31%","Nov 05,2025","C","F","F","F","2.44%",".49"
"FARM","Farmer Brothers","Food - Natural Foods Products","1.58","0.00%","4.55%","-8.52%","-38.64%","-118.75%","-111.11","34.78","NA","NA","-125.93%","NA","Nov 29,2025","B","A","F","A","3.21%",".1"
"GSM","Ferroglobe","Mining - Miscellaneous","4.43","1.26%","11.87%","-8.66%","-96.55%","-77.23%","-140","826.75","NA","NA","-303.57%","NA","Nov 28,2025","C","D","C","D","5.73%",".6"
"FGBI","First Guaranty Bancshares","Banks - Southeast","5.12","0.84%","-6.08%","-26.98%","0.00%","0.00%","-575","73.54","NA","NA","-317.28%","NA","Aug 29,2025","D","F","A","D","-0.21%",".32"
"INBK","First Internet Bancorp","Banks - Northeast","19.59","1.26%","-1.30%","7.38%","0.00%","0.00%","-316.67","165.85","NA","NA","-260.56%","NA","Oct 29,2025","F","F","A","F","0.21%",".47"
"MYFW","First Western Financial","Banks - Midwest","23.81","0.00%","4.51%","5.46%","0.00%","0.00%","-15.79","236.55","16.57","NA","68.97%","NA","Oct 28,2025","F","C","D","F","1.76%","1.3"
"FISV","Fiserv","Financial Transaction Services","62.46","0.00%","1.04%","-7.83%","-7.88%","-16.72%","-22.73","33,414.67","7.1","2.37","-1.59%","3.00%","Nov 01,2025","B","C","F","C","1.10%","1.58"
"FOXF","Fox Factory Holdings","Automotive - Domestic","15.29","0.00%","6.33%","-33.11%","-41.59%","-34.99%","-58.93","618.24","14.68","NA","-24.06%","NA","Nov 07,2025","A","D","D","D","0.68%",".42"
"GEO","The Geo Group","Government Services","15.90","0.00%","4.72%","-7.13%","-5.03%","-28.95%","13.64","2,193.75","18.54","NA","13.33%","NA","Nov 12,2025","B","B","C","A","1.16%",".87"
"GBNXF","Gibson Energy","Oil and Gas - Integrated - Canadian","18.33","6.77%","1.57%","6.92%","-3.73%","-9.79%","-9.09","2,988.51","19.61","NA","36.76%","NA","Nov 06,2025","C","D","B","D","2.76%",".39"
"GBTG","Global Business Travel Group, Inc.","Internet - Software","7.76","0.00%","8.44%","-1.91%","-18.34%","-34.48%","-450","4,036.39","45.06","NA","189.47%","NA","Nov 13,2025","D","A","C","B","0.13%","1.6"
"GIC","Global Industrial Company","Industrial Services","28.66","3.63%","4.11%","0.77%","0.00%","0.00%","-17.24","1,102.47","15.56",".97","17.20%","16.00%","Oct 31,2025","B","C","C","C","0.25%",".83"
"GLP","Global Partners","Oil and Gas - Refining and Marketing - Master Limited Partnerships","43.47","6.87%","4.66%","-2.72%","-26.94%","-17.00%","-39.45","1,495.13","20.27","NA","-9.96%","NA","Nov 12,2025","B","B","D","B","0.80%",".08"
"GVH","Globavend Holdings Limited","Internet - Commerce","3.80","0.00%","7.18%","-26.65%","-41.28%","NA","NA","0.29","3.84","NA","-94.39%","NA","Nov 27,2025","A","A","F","A","-0.51%","NA"
"GLNG","Golar LNG Limited","Oil and Gas - Integrated - International","36.75","2.71%","2.38%","-9.99%","-19.74%","-25.04%","-6.52","3,862.56","40.26","NA","-46.82%","NA","Nov 08,2025","F","C","D","F","0.33%","11.83"
"GDEN","Golden Entertainment","Gaming","29.50","3.33%","1.66%","48.61%","-36.04%","31.44%","-125","785.74","150.1","NA","-88.30%","NA","Nov 07,2025","B","D","B","C","0.30%","1.22"
"GRRR","GORILLA TECH GP","Technology Services","13.12","0.00%","4.88%","-13.30%","-12.50%","-22.50%","-7.69","277.11","16.38","NA","113.70%","NA","Nov 22,2025","F","A","C","D","5.93%","NA"
"GVA","Granite Construction","Building Products - Heavy Construction","107.41","0.48%","3.54%","4.49%","-1.31%","-11.27%","5.47","4,693.66","17.86","NA","24.90%","NA","Nov 27,2025","D","A","A","A","0.92%","1.11"
"GECC","Great Elm Capital Group","Financial - Investment Management","7.65","19.17%","4.47%","-1.78%","-6.77%","-5.57%","-16.67","108.07","5.34","NA","14.17%","NA","Nov 27,2025","F","F","F","F","0.52%","2.32"
"GSBC","Great Southern Bancorp","Financial - Savings and Loan","60.70","2.86%","2.14%","8.01%","0.00%","0.00%",".65","673.15","9.83","NA","16.35%","NA","Nov 28,2025","C","F","B","D","-0.12%","1.91"
"GBX","The Greenbrier Companies","Transportation - Equipment and Leasing","44.98","2.88%","2.37%","6.49%","0.00%","0.00%","6.78","1,387.37","10.47","1.93","-35.51%","5.42%","Oct 31,2025","A","B","D","A","-0.43%",".43"
"GFF","Griffon","Diversified Operations","75.33","1.17%","3.96%","1.34%","-6.75%","-6.57%","-1.28","3,467.33","12.71","1.1","4.42%","11.60%","Nov 28,2025","C","C","B","C","-0.23%","1.38"
"GRFS","Grifols","Medical - Drugs","8.80","1.61%","5.36%","-5.55%","-5.34%","-5.58%","-17.39","6,084.86","9.08",".38","292.00%","23.96%","Nov 26,2025","A","C","B","B","0.80%","NA"
"ASR","Grupo Aeroportuario del Sureste","Transportation - Services","304.16","12.52%","1.24%","-0.13%","-6.44%","-5.72%","-27","9,058.50","15.39","NA","-9.66%","NA","Nov 12,2025","F","D","C","F","0.33%","5.04"
"GGAL","Grupo Financiero Galicia","Banks - Foreign","52.96","3.02%","16.10%","-9.40%","0.00%","0.00%","-55.56","7,899.92","18.47","NA","-75.89%","NA","Aug 29,2025","B","B","F","B","4.87%",".52"
"SUPV","Grupo Supervielle","Banks - Foreign","11.17","1.66%","16.84%","-9.50%","-44.94%","-8.03%","-1533.33","984.02","45.88","41.33","-83.97%","1.11%","Nov 27,2025","D","F","F","F","2.55%",".7"
"HPQ","HP","Computer - Micro Computers","24.60","4.74%","1.92%","-11.75%","-7.13%","-7.31%","2.2","22,825.42","7.92","4.45","-0.96%","1.78%","Nov 29,2025","B","A","A","A","1.83%",".41"
"HWKN","Hawkins","Chemical - Specialty","130.53","0.58%","2.37%","-8.34%","-9.52%","-9.72%","-12.9","2,716.15","32.56","2.03","-0.99%","16.00%","Nov 05,2025","F","B","B","C","-0.78%","2.6"
"HELE","Helen of Troy","Cosmetics","19.50","0.00%","2.71%","1.72%","0.00%","0.00%","-41.18","436.40","4.62","NA","-42.82%","NA","Oct 15,2025","A","C","B","B","-0.58%",".24"
"HGV","Hilton Grand Vacations","Hotels and Motels","42.74","0.00%","9.40%","3.33%","-19.64%","-3.05%","-40.59","3,663.81","19.82","4.76","-20.88%","4.16%","Oct 24,2025","D","F","F","F","0.68%",".73"
"HOFT","Hooker Furniture","Furniture","11.31","8.57%","-2.23%","18.17%","-15.00%","0.00%","-158.33","115.35","NA","NA","-21.05%","14.00%","Nov 27,2025","F","B","F","D","-0.65%",".31"
"HUBG","Hub Group","Transportation - Services","39.65","1.30%","4.47%","4.72%","-1.44%","-2.68%","0","2,358.69","21.06","1.35","-4.19%","15.59%","Nov 29,2025","C","C","D","D","-0.54%",".63"
"IPOOF","INPLAY OIL CP","Oil and Gas - Exploration and Production - Canadian","9.18","8.34%","2.36%","6.68%","-1,225.00%","-29.68%","-285.71","257.48","81.29","NA","-121.43%","NA","Oct 31,2025","D","D","D","F","1.68%","1.24"
"IREN","IREN Limited","Financial - Miscellaneous Services","46.06","0.00%","13.13%","-21.30%","70.65%","-68.03%","-342.86","13,552.49","60.9","NA","1,875.00%","NA","Oct 29,2025","F","F","F","F","-1.32%","19.49"
"IFNNY","Infineon Technologies","Electronics - Semiconductors","41.42","0.58%","14.66%","6.64%","-14.14%","-4.84%","-12.24","55,162.11","25.76","3.78","6.49%","6.81%","Nov 13,2025","F","F","D","F","4.79%","3.46"
"IR","Ingersoll Rand","Manufacturing - General Industrial ","80.29","0.10%","2.29%","5.25%","-1.57%","-2.70%","0","31,743.17","24.44","5","0.00%","4.89%","Nov 28,2025","F","C","C","F","0.59%","4.26"
"NSP","Insperity","Staffing Firms","35.53","6.79%","2.64%","-19.83%","-46.56%","-15.47%","-384.62","1,333.60","31.37","NA","-68.44%","NA","Nov 07,2025","D","F","C","F","-0.23%",".2"
"JAKK","JAKKS Pacific","Toys - Games - Hobbies","16.56","6.09%","4.78%","-3.35%","-20.25%","-5.14%","-22.32","185.16","12.64","NA","-65.70%","NA","Nov 25,2025","C","F","B","F","-2.55%",".32"
"JELD","Jeld-Wen","Building Products - Wood","2.71","0.00%","19.73%","-38.48%","-740.00%","-231.25%","-266.67","228.10","NA","NA","-182.05%","NA","Nov 27,2025","D","D","D","F","-0.37%",".07"
"JACK","Jack In The Box","Retail - Restaurants","19.62","0.00%","17.25%","22.88%","-14.87%","-12.69%","-34.78","372.46","5.25",".98","-15.32%","5.33%","Nov 22,2025","A","F","F","D","1.28%",".25"
"KDDIY","KDDI","Wireless Non-US ","17.06","1.01%","-1.32%","8.11%","0.00%","0.00%","NA","71,989.10","14.57","NA","6.31%","NA","Nov 29,2025","C","B","C","B","-0.64%","1.86"
"KT","KT","Wireless Non-US ","18.33","3.59%","2.97%","-1.02%","-4.80%","-3.03%","NA","9,468.65","7.12",".14","268.57%","50.91%","Nov 28,2025","A","A","C","A","0.05%",".48"
"KELYA","Kelly Services","Staffing Firms","8.68","3.47%","4.47%","-22.93%","-26.47%","-35.92%","-57.14","305.33","5.46",".42","-32.48%","13.00%","Nov 12,2025","A","B","B","A","0.35%",".07"
"KMPR","Kemper","Insurance - Multi line","41.11","3.14%","4.44%","-9.49%","-24.87%","-9.30%","-75.19","2,384.03","9.75","NA","-29.03%","NA","Nov 19,2025","A","C","C","B","-0.90%",".49"
"KMTUY","Komatsu","Manufacturing - Construction and Mining","33.03","1.99%","0.27%","-1.85%","-5.90%","-10.70%","0","31,229.30","12.88","4.82","-18.01%","2.67%","Nov 29,2025","C","B","A","B","-0.99%","1.16"
"LGIH","LGI Homes","Building Products - Home Builders","52.67","0.00%","5.56%","27.47%","-5.43%","-10.94%","-9.57","1,200.57","14.92","NA","-57.95%","NA","Oct 17,2025","D","F","C","F","-1.25%",".67"
"LEGH","Legacy Housing","Real Estate - Operations","19.91","0.00%","2.78%","-11.24%","-19.11%","-20.80%","-38.6","475.70","10.95","NA","-26.61%","NA","Nov 14,2025","D","C","B","C","-1.58%","2.64"
"LGGNY","Legal & General Group","Insurance - Multi line","16.31","4.70%","4.79%","4.66%","-5.04%","-6.29%","NA","18,686.47","12.42","NA","2.33%","NA","Nov 27,2025","D","C","C","D","0.49%","NA"
"LMB","Limbach","Building Products - Miscellaneous","69.31","0.00%","5.63%","-25.12%","-1.69%","-7.35%","-3.67","822.60","16.26","NA","20.83%","NA","Nov 28,2025","D","D","B","D","-0.74%","1.36"
"LION","Lionsgate Studios Corp.","Media Conglomerates","7.39","0.00%","4.78%","16.02%","-42.31%","2.17%","-107.69","2,161.38","NA","NA","-290.00%","NA","Nov 19,2025","C","A","F","A","1.77%",".78"
"LPX","LouisianaPacific","Building Products - Wood","83.06","1.37%","5.48%","-5.85%","-5.11%","-12.39%","-2.7","5,711.46","30.49","NA","-54.25%","NA","Nov 08,2025","D","B","B","B","0.63%","2.02"
"MDU","MDU Resources Group","Utility - Gas Distribution","20.94","2.63%","4.00%","11.16%","0.54%","-0.34%","28.57","4,356.34","23.05","3.05","3.33%","7.56%","Nov 18,2025","D","D","A","D","0.76%","2.32"
"MGM","MGM Resorts International","Gaming","35.66","0.00%","8.42%","10.18%","-9.40%","-20.34%","-35.14","9,652.04","16.55","2.62","-17.76%","6.33%","Nov 05,2025","A","C","F","C","1.47%",".56"
"MONDY","MONDI PLC UNS","Paper and Related Products","23.11","4.04%","3.07%","2.20%","0.00%","0.00%","NA","5,118.18","21.67","1.52","-40.22%","14.29%","Aug 15,2025","B","C","D","B","-0.81%","NA"
"MBUU","Malibu Boats","Leisure and Recreation Products","28.97","0.00%","6.77%","1.87%","-7.38%","-7.90%","-7.69","545.84","25.12","NA","-28.48%","NA","Nov 29,2025","C","B","D","B","-1.56%",".66"
"MRMD","MariMed Inc.","Medical - Products","0.09","0.00%","5.91%","-26.56%","-50.00%","-50.00%","0","35.34","NA","NA","-200.00%","NA","Nov 12,2025","B","C","D","C","NA",".22"
"HZO","MarineMax","Retail - Miscellaneous","23.56","0.00%","0.47%","-5.61%","-39.87%","NA","73.33","511.31","19.22","NA","100.00%","NA","Nov 18,2025","A","A","F","A","-2.91%",".22"
"MSBI","Midland States Bancorp","Banks - Northeast","16.74","7.87%","2.72%","11.07%","-18.43%","-2.83%","-60.66","350.43","9.19","NA","268.57%","NA","Nov 07,2025","B","F","D","D","0.68%",".73"
"MOH","Molina Healthcare","Medical - HMOs","145.69","0.00%","4.73%","-3.14%","-9.33%","-11.84%","-53.65","8,035.69","10.63","NA","-38.41%","NA","Oct 23,2025","A","C","B","B","-0.05%",".18"
"MPAA","Motorcar Parts of America","Automotive - Replacement Parts","13.30","0.00%","2.09%","-22.74%","-22.82%","NA","NA","257.77","11.46","NA","82.54%","NA","Nov 13,2025","A","A","D","A","0.46%",".33"
"MOV","Movado Group","Retail - Jewelry","21.27","6.69%","8.84%","14.99%","-22.92%","-37.67%","-21.05","463.56","18.86","NA","-0.89%","NA","Nov 29,2025","D","F","F","F","-1.69%",".7"
"MVBF","Mvb Financial","Banks - Northeast","27.14","2.51%","3.84%","5.79%","-98.26%","-13.00%","-182.76","340.53","1353","NA","-98.69%","NA","Nov 26,2025","D","F","C","F","0.22%","1.62"
"MYE","Myers Industries","Rubber - Plastics","18.19","2.99%","4.39%","4.21%","0.00%","0.00%","4","675.59","17.88","NA","-2.88%","NA","Oct 24,2025","B","B","C","A","0.11%",".82"
"EDU","New Oriental Education & Technology Group","Schools","52.99","1.13%","-0.99%","-14.15%","0.00%","0.00%","-11.98","8,081.60","14.38","1.01","12.30%","14.28%","Nov 04,2025","B","F","A","C","0.55%","1.62"
"NXRT","NexPoint Residential Trust","REIT and Equity Trust - Residential","31.51","6.41%","0.54%","3.72%","-2.21%","-6.38%","15.94","806.84","10.26","NA","-2.82%","NA","Nov 27,2025","D","C","B","C","0.13%","3.19"
"NINOY","Nikon","Electronics - Manufacturing Machinery","11.94","0.93%","-0.18%","-1.02%","NA","NA","300","3,709.47","21.39","NA","333.33%","NA","Nov 12,2025","D","D","A","C","-5.16%",".8"
"NE","Noble Corporation PLC","Oil and Gas - Drilling","31.50","6.53%","1.83%","4.33%","0.00%","0.00%","-34.48","4,863.89","37.8","NA","-64.78%","NA","Oct 07,2025","C","A","B","A","0.62%","1.41"
"NOMD","Nomad Foods Limited","Food - Miscellaneous","12.16","5.56%","0.33%","8.23%","-1.05%","-3.85%","3.64","1,876.12","6.47","NA","-2.07%","NA","Oct 14,2025","A","D","B","C","0.49%",".56"
"NSC","Norfolk Southern","Transportation - Rail","293.54","1.85%","2.03%","3.07%","-1.05%","-1.97%","3.77","65,541.09","23.85","2.68","3.38%","8.90%","Nov 29,2025","F","C","B","F","0.71%","5.36"
"NTIC","Northern Technologies International","Chemical - Diversified ","7.42","0.54%","-1.20%","0.13%","-7.14%","NA","-175","70.54","28.61","NA","NA","NA","Nov 20,2025","D","F","A","D","-0.40%",".84"
"SMR","NuScale Power","Electronics - Power Generation","18.39","0.00%","7.53%","-55.43%","-225.83%","-2.00%","-1581.82","5,969.54","NA","NA","-490.48%","22.33%","Nov 13,2025","F","F","D","F","5.04%","93.43"
"OMRNY","Omron","Electronics - Miscellaneous Components","25.55","1.93%","5.50%","-8.67%","-6.20%","-8.33%","-70.37","5,274.20","21.13",".41","124.07%","52.18%","Nov 08,2025","C","D","A","C","1.76%",".96"
"ONEW","OneWater Marine","Leisure and Recreation Products","11.81","0.00%","7.81%","-21.76%","-27.78%","NA","-100","198.90","16.99","NA","63.64%","NA","Oct 17,2025","A","A","C","A","-2.96%",".11"
"OPRA","Opera Limited","Internet - Content","13.45","5.73%","5.01%","-7.60%","0.00%","0.00%","15.79","1,219.00","11.84","NA","27.78%","NA","Nov 28,2025","C","B","D","B","1.87%","2.09"
"OUTKY","Outokumpu","Steel - Producers","2.37","1.90%","0.00%","-1.25%","-600.00%","-82.35%","NA","2,242.10","NA","NA","-320.00%","NA","Nov 14,2025","F","F","F","F","0.00%",".36"
"OC","Owens Corning","Building Products - Miscellaneous","113.99","2.44%","8.67%","-11.05%","-8.69%","-24.33%",".82","9,307.39","9.3","9.12","-23.44%","1.02%","Oct 16,2025","B","A","B","A","1.51%",".86"
"CNXN","PC Connection","Retail - Computer Hardware","57.75","1.03%","0.83%","-4.81%","-1.31%","-3.80%","-3.96","1,465.23","17.07","1.71","4.62%","10.00%","Nov 29,2025","C","B","A","B","-0.46%",".51"
"MYPS","PLAYSTUDIOS","Gaming","0.65","0.00%","5.04%","-30.97%","-121.43%","-800.00%","-250","80.96","NA","NA","-166.67%","30.00%","Nov 07,2025","D","C","C","D","NA",".33"
"PZZA","Papa John's International","Retail - Restaurants","41.35","4.37%","4.52%","-17.20%","-19.61%","-15.16%","-20","1,379.45","29.55","4.45","-39.32%","6.64%","Oct 21,2025","C","C","F","C","0.50%",".66"
"BTU","Peabody Energy","Coal","26.75","1.10%","3.34%","-0.66%","-43.33%","-3.60%","-205.26","3,312.38","NA","NA","-115.64%","NA","Oct 31,2025","C","B","F","C","0.96%",".84"
"PRGO","Perrigo","Medical - Products","13.89","8.69%","5.62%","-35.63%","-5.27%","-5.79%","6.67","1,837.28","4.79","NA","8.56%","NA","Nov 08,2025","B","F","B","D","-0.52%",".43"
"PSNY","Polestar Automotive Holding UK PLC","Automotive - Foreign","0.60","0.00%","-8.73%","-34.15%","-4.30%","-25.00%","NA","1,193.11","NA","NA","0.00%","NA","Nov 15,2025","F","B","B","D","NA","NA"
"POST","Post Holdings","Food - Miscellaneous","101.10","0.00%","4.64%","0.10%","-6.00%","-6.61%","8.85","5,425.66","13.98","NA","2.90%","NA","Nov 29,2025","B","B","F","B","1.18%",".67"
"PROV","Provident Financial","Financial - Savings and Loan","15.33","3.65%","1.12%","-2.23%","0.00%","0.00%","-13.79","99.25","14.33","NA","15.05%","NA","Nov 01,2025","D","C","B","D","0.46%","1.65"
"RCMT","RCM Technologies","Staffing Firms","19.75","0.00%","0.26%","-15.24%","-2.52%","-3.77%","-11.76","145.10","8.44","NA","14.29%","NA","Nov 22,2025","B","F","A","C","-0.51%",".47"
"RLJ","RLJ Lodging Trust","REIT and Equity Trust - Other","7.54","7.96%","0.27%","10.88%","-1.90%","-3.05%","17.39","1,139.18","5.6","NA","-14.01%","NA","Nov 29,2025","A","F","A","C","-0.92%",".84"
"METC","Ramaco Resources","Coal","15.07","2.19%","-2.85%","-48.32%","0.00%","0.00%","24.24","1,035.58","NA","NA","-1,009.09%","NA","Nov 28,2025","F","D","B","F","0.26%","1.79"
"RHI","Robert Half Inc.","Staffing Firms","27.25","8.73%","-0.84%","3.25%","-1.88%","-6.89%","0","2,736.08","20.68","NA","-46.31%","NA","Oct 25,2025","B","D","A","B","-0.84%",".5"
"ROOT","Root","Insurance - Property and Casualty","79.77","0.00%","7.08%","0.46%","-9.96%","-8.39%","18.6","1,254.52","37.28","NA","25.43%","NA","Nov 14,2025","C","B","F","C","-0.75%",".87"
"STWD","Starwood Property Trust","REIT and Equity Trust","18.28","10.47%","2.69%","0.88%","-8.92%","-7.12%","-18.18","6,791.88","10.88","NA","-16.34%","NA","Oct 23,2025","F","D","C","F","0.16%","3.76"
"SGA","Saga Communications","Broadcast Radio and Television","11.90","8.47%","-1.91%","-3.67%","-133.33%","-26.03%","-138.1","75.99","NA","NA","-115.15%","NA","Nov 11,2025","B","D","A","B","0.68%",".69"
"SAR","Saratoga Investment Corp","Financial - SBIC & Commercial Industry","23.29","12.91%","3.34%","3.20%","0.00%","0.00%","-13.43","374.10","9.8","NA","-37.80%","NA","Oct 10,2025","B","F","A","C","0.00%","2.88"
"SSL","Sasol","Oil and Gas - Integrated - International","6.51","0.00%","-4.41%","2.69%","-20.32%","-20.71%","NA","4,220.94","4.36",".57","-22.80%","7.68%","Nov 26,2025","A","A","F","A","-0.31%","NA"
"SE","Sea Limited","Internet - Software","137.13","0.00%","5.84%","-11.03%","-6.26%","-3.48%","-21.33","81,892.45","38.65","NA","114.29%","NA","Nov 20,2025","F","A","C","C","3.54%","3.89"
"SA","Seabridge Gold","Mining - Gold","28.25","0.00%","18.55%","17.20%","-175.00%","0.00%","-666.67","2,914.30","NA","NA","65.38%","NA","Nov 25,2025","F","D","F","F","4.29%","NA"
"SDRL","Seadrill Limited","Oil and Gas - Drilling","30.34","0.00%","1.19%","-3.30%","-58.73%","NA","-165.38","1,903.66","NA","NA","-133.00%","NA","Nov 13,2025","D","F","C","F","0.66%","1.4"
"SIEGY","Siemens","Industrial Services","131.43","1.51%","4.54%","-6.39%","-4.84%","-13.05%","-24.22","212,224.00","20.84","2.97","20.91%","7.01%","Nov 18,2025","D","F","C","D","0.39%","2.43"
"SDHC","Smith Douglas Homes Corp.","Building Products - Home Builders","19.72","0.00%","11.55%","11.16%","-3.26%","-11.73%","-146.15","999.23","18.67","12.88","-42.54%","1.45%","Nov 07,2025","F","C","F","F","0.26%","1"
"SW","Smurfit Westrock PLC","Paper and Related Products","35.65","4.83%","5.65%","-3.33%","-22.85%","-8.49%","-14.71","18,636.83","17.33","NA","-0.96%","NA","Nov 19,2025","B","A","F","A","-0.25%",".6"
"SDXAY","Sodexo","Business - Services","10.43","3.70%","-2.68%","-5.14%","0.00%","0.00%","NA","7,763.50","9.57","NA","-6.78%","NA","Nov 27,2025","A","A","A","A","-1.22%","NA"
"SON","Sonoco","Containers - Paper and Packaging","42.22","5.03%","2.73%","3.94%","-0.35%","-1.44%",".52","4,159.35","7.4",".77","35.07%","9.59%","Nov 28,2025","B","D","C","D","0.86%",".58"
"SPMC","Sound Point Meridian Capital, Inc.","Financial - Investment Management","15.19","19.65%","3.95%","-7.85%","-2.22%","-6.14%","-3.57","312.99","6.93","NA","NA","NA","Nov 26,2025","F","D","A","F","1.87%","3.81"
"SFM","Sprouts Farmers Market","Food - Natural Foods Products","86.04","0.00%","2.42%","6.14%","-0.57%","-2.97%","4.27","8,160.53","15.91",".96","40.53%","16.51%","Nov 29,2025","B","A","B","A","0.62%",".94"
"STRR","Star Equity Holdings, Inc.","Diversified Operations","10.15","0.00%","4.10%","-7.39%","-114.29%","-28.57%","-93.75","34.87","NA","NA","95.35%","NA","Nov 21,2025","F","A","B","B","-0.20%",".23"
"SNCY","Sun Country Airlines","Transportation - Airline","13.91","0.00%","13.69%","11.56%","-5.19%","-2.86%","-33.33","722.19","12.51",".44","4.76%","28.19%","Nov 06,2025","A","D","F","C","0.66%",".65"
"SMCI","Super Micro Computer","Computer- Storage Devices","32.97","0.00%","5.16%","-34.85%","-17.51%","-8.46%","36.84","20,207.47","15.76",".56","4.37%","28.01%","Nov 08,2025","C","C","C","C","3.11%",".96"
"SLVM","Sylvamo","Paper and Related Products","47.77","3.80%","1.43%","16.67%","-4.00%","-0.93%","-8.28","1,868.19","13.16","NA","-50.21%","NA","Nov 28,2025","A","C","C","B","-1.02%",".54"
"TGNA","TEGNA","Broadcast Radio and Television","19.46","2.56%","-2.25%","-0.76%","-2.17%","-4.35%","-5.71","3,143.83","12.35","NA","-48.53%","NA","Nov 29,2025","B","F","A","C","-0.05%","1.09"
"TFII","TFI International","Transportation - Services","89.51","2.06%","1.79%","-2.50%","-6.62%","-7.42%",".84","7,182.74","20.69","4.96","-26.43%","4.17%","Nov 01,2025","D","B","D","B","0.81%",".89"
"TAK","Takeda Pharmaceutical Co.","Medical - Drugs","14.50","3.83%","0.84%","7.29%","-3.53%","-6.90%","0","45,884.03","8.79","NA","1.86%","NA","Nov 26,2025","B","B","C","B","-0.69%","1.54"
"TMHC","Taylor Morrison Home","Building Products - Home Builders","63.58","0.00%","3.18%","5.77%","0.00%","0.00%","9.33","6,126.38","8.06","NA","-5.93%","NA","Nov 29,2025","C","D","B","C","-1.07%",".73"
"CC","Chemours","Chemical - Diversified ","12.89","2.74%","15.75%","-4.48%","-14.78%","-11.40%","-16.67","1,917.12","13.05","NA","-19.01%","NA","Oct 18,2025","A","B","D","A","2.57%",".33"
"RMR","The RMR Group","Real Estate - Operations","15.45","11.80%","-2.06%","-1.42%","-6.31%","NA","0","488.94","14.66","NA","-7.96%","NA","Nov 25,2025","B","F","A","C","-0.97%",".7"
"TDW","Tidewater","Oil and Gas - Integrated - United States","54.75","0.00%","0.50%","6.78%","-21.33%","-32.54%","15.22","2,677.40","19.02","NA","-16.47%","NA","Nov 14,2025","C","B","B","B","2.58%","1.97"
"TRMLF","Tourmaline Oil Corp.","Oil and Gas - Exploration and Production - Canadian","45.93","3.17%","4.29%","4.44%","-9.87%","-9.85%","-23.4","17,763.79","18.61","1.2","-3.52%","15.51%","Oct 17,2025","F","C","C","F","3.45%","3.96"
"THS","TreeHouse Foods","Food - Miscellaneous","23.96","0.00%","1.27%","31.26%","-3.64%","0.00%","-18.87","1,206.44","15.02","NA","-16.75%","NA","Oct 25,2025","C","C","A","C","0.80%",".36"
"TREX","Trex","Building Products - Wood","35.34","0.00%","12.66%","-27.61%","-17.38%","-33.65%","-8.93","3,751.77","19.15","NA","-12.44%","NA","Nov 07,2025","D","A","D","B","0.14%","3.18"
"TROX","Tronox","Chemical - Diversified ","3.98","4.83%","31.43%","18.29%","-45.19%","-110.29%","-119.05","656.41","NA","NA","-1,262.50%","NA","Aug 08,2025","D","F","D","F","4.28%",".23"
"USNA","USANA Health Sciences","Medical - Drugs","19.66","0.00%","1.02%","-6.15%","0.00%","0.00%","0","362.88","11.47",".96","-33.20%","12.00%","Oct 14,2025","A","B","B","A","-0.90%",".4"
"UNF","Unifirst","Uniform and Related","176.33","0.81%","5.83%","11.79%","0.00%","0.00%","6.05","3,126.07","24.35","NA","-14.16%","NA","Nov 28,2025","B","A","B","A","0.41%","1.29"
"UBAB","United Bancoproration of Alabama","Banks - Southeast","52.75","2.65%","-1.40%","-0.66%","-21.87%","NA","NA","170.65","9.84","NA","-29.93%","NA","Nov 25,2025","B","D","A","C","0.00%","1.75"
"PRKS","UTD PARKS&RESRT","Leisure and Recreation Services","35.99","0.00%","7.89%","-25.43%","-14.65%","-11.08%","-28.13","1,968.73","10.44","NA","-10.36%","NA","Nov 12,2025","A","D","D","C","2.27%","1.18"
"UTI","Universal Technical Institute","Schools","23.22","0.00%","1.59%","-22.54%","-16.71%","-13.49%","30.77","1,252.98","28.86","1.92","-29.20%","15.00%","Nov 25,2025","C","A","C","A","-0.43%","1.5"
"USIO","Usio","Financial Transaction Services","1.44","0.00%","4.35%","-2.04%","-53.85%","-9.38%","-300","39.32","72","NA","-83.33%","NA","Sep 25,2025","D","F","D","F","-0.35%",".47"
"VVV","Valvoline","Oil and Gas - Refining and Marketing","30.96","0.00%","0.32%","-5.15%","-11.39%","-14.59%","-6.25","3,981.31","18.78","NA","5.03%","NA","Nov 27,2025","D","A","F","B","-0.13%","2.33"
"VG","Venture Global, Inc.","Oil and Gas - Exploration and Production - United States","7.04","0.91%","2.90%","-12.95%","-5.83%","-12.56%","-27.27","18,262.90","8.1",".34","61.40%","24.07%","Nov 29,2025","C","A","F","A","4.63%","1.68"
"VEOEY","Veolia Environnement","Waste Removal Services","17.09","3.11%","3.44%","2.91%","-4.69%","-5.63%","NA","24,611.77","13.9","1.42","46.99%","9.79%","Nov 29,2025","A","D","NA","NA","-0.15%","NA"
"VTSI","VirTra","Electronics - Military","5.02","0.00%","3.12%","-18.42%","-54.55%","-55.26%","-160","56.05","33.07","NA","25.00%","NA","Nov 13,2025","D","B","B","B","1.22%","2.25"
"VOD","Vodafone Group","Wireless Non-US ","12.22","3.84%","2.97%","3.49%","-11.96%","-11.02%","NA","29,793.92","13.55",".34","10.84%","39.37%","Nov 29,2025","A","A","F","A","-0.08%","NA"
"WNC","Wabash National","Automotive - Original Equipment","8.84","3.79%","1.56%","5.24%","-30.72%","-29.51%","0","341.96","NA","NA","-263.93%","NA","Nov 29,2025","C","D","D","D","-2.20%",".21"
"WSO","Watsco","Manufacturing - General Industrial ","343.76","3.46%","2.90%","-5.87%","-3.56%","-4.60%","-5.46","14,049.44","27.79","NA","-6.32%","NA","Nov 01,2025","F","C","D","F","0.23%","1.89"
"WFG","West Fraser Timber Co.","Building Products - Wood","61.60","2.08%","2.98%","0.82%","0.00%","0.00%","-52.91","4,678.43","NA","NA","-486.76%","NA","Oct 30,2025","D","F","A","D","0.59%",".82"
"WSC","WillScot Holdings Corporation","Real Estate - Operations","20.27","1.42%","12.15%","-9.20%","-5.59%","-18.13%","3.45","3,593.43","17.12","1.77","-29.45%","9.65%","Nov 11,2025","C","D","C","D","-2.13%","1.55"
"XOMA","XOMA Royalty Corporation","Medical - Biomedical and Genetics","31.44","0.00%","1.20%","-2.58%","74.87%","-2.76%","-1650","397.87","29.48","NA","127.32%","NA","Nov 15,2025","F","D","A","D","-0.50%","8.45"
"ELF","e.l.f. Beauty","Cosmetics","78.98","0.00%","8.74%","-37.64%","-16.74%","-15.62%","-11.76","4,542.53","25.96","4.1","-13.57%","6.34%","Nov 12,2025","F","A","D","D","1.25%","3.28"
